{"loss": 0.6246438026428223, "accuracy": 0.9482758641242981}