{"loss": 0.12514978647232056, "accuracy": 0.9568965435028076}