{"loss": 1.248288631439209, "accuracy": 0.9396551847457886}